https://www.listerine.com/,Hreflang found
https://www.listerine.com/about,Hreflang found
https://www.listerine.com/attack-plaque,Hreflang found
https://www.listerine.com/attack-plaque/3-step-oral-care-routine-important,Hreflang found
https://www.listerine.com/attack-plaque/how-to-floss-teeth,Hreflang found
https://www.listerine.com/attack-plaque/what-is-plaque,Hreflang found
https://www.listerine.com/attack-plaque/what-is-tartar-buildup-teeth,Hreflang found
https://www.listerine.com/bv-terms-of-use,Hreflang found
https://www.listerine.com/cavities-strong-teeth,Hreflang found
https://www.listerine.com/cavities-strong-teeth/4-tips-protecting-teeth,Hreflang found
https://www.listerine.com/cavities-strong-teeth/7-signs-cavities,Hreflang found
https://www.listerine.com/cavities-strong-teeth/causes-enamel-damage,Hreflang found
https://www.listerine.com/cavities-strong-teeth/cavity-pain-and-relief,Hreflang found
https://www.listerine.com/cavities-strong-teeth/do-you-have-enamel-erosion,Hreflang found
https://www.listerine.com/cavities-strong-teeth/easy-cavity-prevention,Hreflang found
https://www.listerine.com/cavities-strong-teeth/food-drink-harmful-teeth,Hreflang found
https://www.listerine.com/cavities-strong-teeth/foods-strong-teeth,Hreflang found
https://www.listerine.com/cavities-strong-teeth/healthy-kids,Hreflang found
https://www.listerine.com/cavities-strong-teeth/how-to-brush-your-teeth,Hreflang found
https://www.listerine.com/cavities-strong-teeth/oil-pulling-for-teeth,Hreflang found
https://www.listerine.com/cavities-strong-teeth/what-is-fluoride,Hreflang found
https://www.listerine.com/clinical-solutions-mouthwashes,Hreflang found
https://www.listerine.com/contact-us,Hreflang found
https://www.listerine.com/cookie-policy,Hreflang found
https://www.listerine.com/covid-19-update,Hreflang found
https://www.listerine.com/email-signup,Hreflang found
https://www.listerine.com/feel-the-whoa,Hreflang found
https://www.listerine.com/frequently-asked-questions,Hreflang found
https://www.listerine.com/fresh-breath,Hreflang found
https://www.listerine.com/fresh-breath/bad-breath-remedies,Hreflang found
https://www.listerine.com/fresh-breath/causes-bad-breath,Hreflang found
https://www.listerine.com/fresh-breath/causes-of-bad-breath/dry-mouth,Hreflang found
https://www.listerine.com/fresh-breath/causes-of-bad-breath/foods-that-cause-bad-breath,Hreflang found
https://www.listerine.com/fresh-breath/causes-of-bad-breath/what-is-halitosis,Hreflang found
https://www.listerine.com/fresh-breath/good-vs-bad-oral-microbiome-bacteria,Hreflang found
https://www.listerine.com/fresh-breath/morning-breath-causes-treatment,Hreflang found
https://www.listerine.com/fresh-breath/on-the-go-causes-of-bad-breath,Hreflang found
https://www.listerine.com/fresh-breath/signs-of-bad-breath,Hreflang found
https://www.listerine.com/fresh-breath/types-of-bad-breath,Hreflang found
https://www.listerine.com/general-health/diabetes-affects-oral-health,Hreflang found
https://www.listerine.com/gum-disease-healthy-gums,Hreflang found
https://www.listerine.com/gum-disease-healthy-gums/5-things-you-should-know-about-gum-disease,Hreflang found
https://www.listerine.com/gum-disease-healthy-gums/about-saliva-oral-health,Hreflang found
https://www.listerine.com/gum-disease-healthy-gums/biofilm,Hreflang found
https://www.listerine.com/gum-disease-healthy-gums/canker-sores-mouth-ulcers,Hreflang found
https://www.listerine.com/gum-disease-healthy-gums/common-causes-gum-disease,Hreflang found
https://www.listerine.com/gum-disease-healthy-gums/diabetes-and-gum-disease,Hreflang found
https://www.listerine.com/gum-disease-healthy-gums/foods-gum-disease,Hreflang found
https://www.listerine.com/gum-disease-healthy-gums/foods-healthier-gums,Hreflang found
https://www.listerine.com/gum-disease-healthy-gums/gum-irritations,Hreflang found
https://www.listerine.com/gum-disease-healthy-gums/habits-gum-disease,Hreflang found
https://www.listerine.com/gum-disease-healthy-gums/periodontal-disease-causes-symptoms-treatment,Hreflang found
https://www.listerine.com/gum-disease-healthy-gums/prevent-treat-gingivitis,Hreflang found
https://www.listerine.com/gum-disease-healthy-gums/signs-of-gingivitis,Hreflang found
https://www.listerine.com/gum-disease-healthy-gums/tips-combat-gingivitis,Hreflang found
https://www.listerine.com/gum-disease-healthy-gums/truth-about-oral-health,Hreflang found
https://www.listerine.com/gum-disease-healthy-gums/what-is-gum-disease,Hreflang found
https://www.listerine.com/gum-disease-healthy-gums/when-to-brush-floss-and-use-mouthwash,Hreflang found
https://www.listerine.com/legal,Hreflang found
https://www.listerine.com/mouth-coach/rinsing-guide,Hreflang found
https://www.listerine.com/mouth-coach/why-rinse-for-oral-health,Hreflang found
https://www.listerine.com/mouthwash/antiseptic/listerine-cool-mint-mouthwash,Hreflang found
https://www.listerine.com/mouthwash/antiseptic/listerine-freshburst-mouthwash,Hreflang found
https://www.listerine.com/mouthwash/antiseptic/listerine-gum-therapy,Hreflang found
https://www.listerine.com/mouthwash/antiseptic/listerine-original-mouthwash,Hreflang found
https://www.listerine.com/mouthwash/clinical-solutions-breath-defense,Hreflang found
https://www.listerine.com/mouthwash/clinical-solutions-gum-health,Hreflang found
https://www.listerine.com/mouthwash/clinical-solutions-teeth-strength,Hreflang found
https://www.listerine.com/mouthwash/for-kids/listerine-smart-rinse/listerine-smart-rinse-mouthwash-berry-splash,Hreflang found
https://www.listerine.com/mouthwash/for-kids/listerine-smart-rinse/listerine-smart-rinse-mouthwash-bubble-blast,Hreflang found
https://www.listerine.com/mouthwash/for-kids/listerine-smart-rinse/listerine-smart-rinse-mouthwash-mint-shield,Hreflang found
https://www.listerine.com/mouthwash/for-kids/listerine-smart-rinse/listerine-smart-rinse-mouthwash-pink-lemonade,Hreflang found
https://www.listerine.com/mouthwash/listerine-total-care/listerine-total-care-anticavity-alcohol-free-mouthwash,Hreflang found
https://www.listerine.com/mouthwash/listerine-total-care/listerine-total-care-anticavity-mouthwash,Hreflang found
https://www.listerine.com/mouthwash/listerine-ultraclean/listerine-ultraclean-cool-mint-antiseptic-mouthwash,Hreflang found
https://www.listerine.com/mouthwash/listerine-ultraclean/listerine-ultraclean-tartar-control-mouthwash-collection,Hreflang found
https://www.listerine.com/mouthwash/listerine-zero/listerine-coconut-lime-zero-alcohol,Hreflang found
https://www.listerine.com/mouthwash/listerine-zero/listerine-grapefruit-rose-zero-alcohol,Hreflang found
https://www.listerine.com/on-the-go-oral-health/listerine-pocketmist-spray-cool-mint,Hreflang found
https://www.listerine.com/on-the-go-oral-health/listerine-pocketmist-spray-freshburst,Hreflang found
https://www.listerine.com/on-the-go-oral-health/listerine-pocketpaks-cool-mint,Hreflang found
https://www.listerine.com/on-the-go-oral-health/listerine-pocketpaks-freshburst,Hreflang found
https://www.listerine.com/oral-care,Hreflang found
https://www.listerine.com/our-sustainability,Hreflang found
https://www.listerine.com/our-sustainability/ingredients,Hreflang found
https://www.listerine.com/products/discontinued-products/listerine-total-care/anticavity-alcohol-free-mouthwash-cinnamint,Hreflang found
https://www.listerine.com/products/discontinued-products/listerine-total-care/listerine-total-care-anticavity-stain-remover-mouthwash,Hreflang found
https://www.listerine.com/products/discontinued-products/listerine-ultraclean/listerine-ultraclean-arctic-mint-antiseptic-mouthwash,Hreflang found
https://www.listerine.com/products/discontinued-products/listerine-ultraclean/listerine-ultraclean-fresh-citrus-antiseptic-mouthwash,Hreflang found
https://www.listerine.com/products/discontinued-products/naturals/listerine-naturals-enamel-repair-mouthwash,Hreflang found
https://www.listerine.com/products/discontinued-products/naturals/listerine-naturals-herbal-mint-mouthwash,Hreflang found
https://www.listerine.com/products/discontinued-products/on-the-go-oral-health/listerine-pocketpaks-cool-heat,Hreflang found
https://www.listerine.com/products/discontinued-products/on-the-go-oral-health/listerine-ready-tabs-clean-mint,Hreflang found
https://www.listerine.com/products/discontinued-products/on-the-go-oral-health/listerine-ready-tabs-soft-mint,Hreflang found
https://www.listerine.com/products/discontinued-products/statement,Hreflang found
https://www.listerine.com/products/discontinued-products/whitening/listerine-healthy-white-restoring-fluoride-mouthwash,Hreflang found
https://www.listerine.com/products/discontinued-products/whitening/listerine-healthy-white-vibrant-fluoride-mouthwash,Hreflang found
https://www.listerine.com/purpose,Hreflang found
https://www.listerine.com/purpose/ourcommitment,Hreflang found
https://www.listerine.com/sitemap,Hreflang found
https://www.listerine.com/teeth-whitening,Hreflang found
https://www.listerine.com/teeth-whitening/causes-yellow-teeth,Hreflang found
https://www.listerine.com/teeth-whitening/food-drink-white-teeth,Hreflang found
https://www.listerine.com/teeth-whitening/habits-white-teeth,Hreflang found
https://www.listerine.com/teeth-whitening/whitening-teeth-instructions,Hreflang found
https://www.listerine.com/toothpaste/listerine-essential-care-fluoride-anticavity-toothpaste,Hreflang found
https://www.listerine.com/tooth-sensitivity,Hreflang found
https://www.listerine.com/tooth-sensitivity/causes-tooth-sensitivity,Hreflang found
https://www.listerine.com/tooth-sensitivity/foods-to-avoid,Hreflang found
https://www.listerine.com/tooth-sensitivity/help-sensitive-teeth,Hreflang found
https://www.listerine.com/tooth-sensitivity/protecting-enamel,Hreflang found
https://www.listerine.com/tooth-sensitivity/teeth-grinding,Hreflang found
https://www.listerine.com/tooth-sensitivity/tooth-pain,Hreflang found
https://www.listerine.com/tooth-sensitivity/tooth-pain-causes,Hreflang found
https://www.listerine.com/tooth-sensitivity/tooth-pain-relief,Hreflang found
https://www.listerine.com/tooth-sensitivity/what-is-dentin,Hreflang found
https://www.listerine.com/total-care-campaign,Hreflang found
https://www.listerine.com/total-care-campaign/healthy-lifestyle-habits,Hreflang found
https://www.listerine.com/total-care-campaign/parenting-hacks,Hreflang found
https://www.listerine.com/where-to-buy,Hreflang found
https://www.listerine.com/whoacollection,Hreflang found
https://www.listerine.com/mouthwash/listerine-sensitivity/listerine-sensitivity-zero-alcohol-mouthrinse,Hreflang found
https://www.listerine.com/mouthwash/listerine-zero/listerine-cool-mint-zero-alcohol,Hreflang found
https://www.listerine.com/cavities-strong-teeth/pregnancy-oral-health,Hreflang found
https://www.listerine.com/fresh-breath/alcohol-vs-alcohol-free-mouthwash,Hreflang found
https://www.listerine.com/products/discontinued-products/cool-mint-concentrate-mouthwash-refill,Hreflang found
https://www.listerine.com/products/discontinued-products/cool-mint-concentrate-mouthwash-starter-kit,Hreflang found
https://www.listerine.com/404,Hreflang found
https://www.listerine.com/products/discontinued-products,Hreflang found
https://www.listerine.com/products,Hreflang found
